file_name,summary_num_statements,summary_missing_lines,summary_excluded_lines,summary_percent_covered,budget_seconds,seed,strategy,timestamp
scripts\examples\str_comp_func\contradiction.py,4,1,0,75.0,10,42,None,2025-07-14T18:52:05.301178
scripts\examples\str_comp_func\contradiction_nested.py,5,1,0,80.0,10,42,None,2025-07-14T18:52:05.301178
scripts\examples\str_comp_func\contradiction_not.py,4,1,0,75.0,10,42,None,2025-07-14T18:52:05.301178
scripts\examples\str_comp_func\contradiction_tautology.py,4,1,0,75.0,10,42,None,2025-07-14T18:52:05.301178
scripts\examples\str_comp_func\eq.py,4,0,0,100.0,10,42,None,2025-07-14T18:52:05.301178
scripts\examples\str_comp_func\eq_no_spaces.py,4,0,0,100.0,10,42,None,2025-07-14T18:52:05.301178
scripts\examples\str_comp_func\eq_or.py,4,0,0,100.0,10,42,None,2025-07-14T18:52:05.301178
scripts\examples\str_comp_func\eq_rev.py,4,0,0,100.0,10,42,None,2025-07-14T18:52:05.301178
scripts\examples\str_comp_func\eq_spaces.py,4,0,0,100.0,10,42,None,2025-07-14T18:52:05.301178
scripts\examples\str_comp_func\neq.py,4,0,0,100.0,10,42,None,2025-07-14T18:52:05.301178
scripts\examples\str_comp_func\neq_rev.py,4,0,0,100.0,10,42,None,2025-07-14T18:52:05.301178
scripts\examples\str_comp_func\noise.py,4,1,0,75.0,10,42,None,2025-07-14T18:52:05.301178
scripts\examples\str_comp_func\not_eq.py,4,0,0,100.0,10,42,None,2025-07-14T18:52:05.301178
scripts\examples\str_comp_func\not_neq.py,4,0,0,100.0,10,42,None,2025-07-14T18:52:05.301178
scripts\examples\str_comp_func\three_param.py,6,2,0,66.66666666666667,10,42,None,2025-07-14T18:52:05.301178
scripts\examples\str_comp_func\three_param_concat.py,6,2,0,66.66666666666667,10,42,None,2025-07-14T18:52:05.301178
scripts\examples\str_comp_func\two_eq_param1.py,4,0,0,100.0,10,42,None,2025-07-14T18:52:05.301178
scripts\examples\str_comp_func\two_eq_param2.py,4,0,0,100.0,10,42,None,2025-07-14T18:52:05.301178
scripts\examples\str_comp_func\two_ifs.py,6,1,0,83.33333333333333,10,42,None,2025-07-14T18:52:05.301178
scripts\examples\str_comp_func\two_param.py,6,2,0,66.66666666666667,10,42,None,2025-07-14T18:52:05.301178
scripts\examples\str_comp_func\two_param_concat.py,4,1,0,75.0,10,42,None,2025-07-14T18:52:05.301178
scripts\examples\str_comp_func\contradiction.py,4,1,0,75.0,10,43,None,2025-07-14T18:54:45.247400
scripts\examples\str_comp_func\contradiction_nested.py,5,1,0,80.0,10,43,None,2025-07-14T18:54:45.247400
scripts\examples\str_comp_func\contradiction_not.py,4,1,0,75.0,10,43,None,2025-07-14T18:54:45.247400
scripts\examples\str_comp_func\contradiction_tautology.py,4,1,0,75.0,10,43,None,2025-07-14T18:54:45.247400
scripts\examples\str_comp_func\eq.py,4,0,0,100.0,10,43,None,2025-07-14T18:54:45.247400
scripts\examples\str_comp_func\eq_no_spaces.py,4,0,0,100.0,10,43,None,2025-07-14T18:54:45.247400
scripts\examples\str_comp_func\eq_or.py,4,0,0,100.0,10,43,None,2025-07-14T18:54:45.247400
scripts\examples\str_comp_func\eq_rev.py,4,0,0,100.0,10,43,None,2025-07-14T18:54:45.247400
scripts\examples\str_comp_func\eq_spaces.py,4,0,0,100.0,10,43,None,2025-07-14T18:54:45.247400
scripts\examples\str_comp_func\neq.py,4,0,0,100.0,10,43,None,2025-07-14T18:54:45.247400
scripts\examples\str_comp_func\neq_rev.py,4,0,0,100.0,10,43,None,2025-07-14T18:54:45.247400
scripts\examples\str_comp_func\noise.py,4,1,0,75.0,10,43,None,2025-07-14T18:54:45.247400
scripts\examples\str_comp_func\not_eq.py,4,0,0,100.0,10,43,None,2025-07-14T18:54:45.247400
scripts\examples\str_comp_func\not_neq.py,4,0,0,100.0,10,43,None,2025-07-14T18:54:45.247400
scripts\examples\str_comp_func\three_param.py,6,2,0,66.66666666666667,10,43,None,2025-07-14T18:54:45.247400
scripts\examples\str_comp_func\three_param_concat.py,6,2,0,66.66666666666667,10,43,None,2025-07-14T18:54:45.247400
scripts\examples\str_comp_func\two_eq_param1.py,4,0,0,100.0,10,43,None,2025-07-14T18:54:45.247400
scripts\examples\str_comp_func\two_eq_param2.py,4,0,0,100.0,10,43,None,2025-07-14T18:54:45.247400
scripts\examples\str_comp_func\two_ifs.py,6,1,0,83.33333333333333,10,43,None,2025-07-14T18:54:45.247400
scripts\examples\str_comp_func\two_param.py,6,0,0,100.0,10,43,None,2025-07-14T18:54:45.247400
scripts\examples\str_comp_func\two_param_concat.py,4,1,0,75.0,10,43,None,2025-07-14T18:54:45.247400
scripts\examples\str_comp_func\contradiction.py,4,1,0,75.0,10,44,None,2025-07-14T18:57:11.781014
scripts\examples\str_comp_func\contradiction_nested.py,5,1,0,80.0,10,44,None,2025-07-14T18:57:11.781014
scripts\examples\str_comp_func\contradiction_not.py,4,1,0,75.0,10,44,None,2025-07-14T18:57:11.781014
scripts\examples\str_comp_func\contradiction_tautology.py,4,1,0,75.0,10,44,None,2025-07-14T18:57:11.781014
scripts\examples\str_comp_func\eq.py,4,0,0,100.0,10,44,None,2025-07-14T18:57:11.781014
scripts\examples\str_comp_func\eq_no_spaces.py,4,0,0,100.0,10,44,None,2025-07-14T18:57:11.781014
scripts\examples\str_comp_func\eq_or.py,4,0,0,100.0,10,44,None,2025-07-14T18:57:11.781014
scripts\examples\str_comp_func\eq_rev.py,4,0,0,100.0,10,44,None,2025-07-14T18:57:11.781014
scripts\examples\str_comp_func\eq_spaces.py,4,0,0,100.0,10,44,None,2025-07-14T18:57:11.781014
scripts\examples\str_comp_func\neq.py,4,0,0,100.0,10,44,None,2025-07-14T18:57:11.781014
scripts\examples\str_comp_func\neq_rev.py,4,0,0,100.0,10,44,None,2025-07-14T18:57:11.781014
scripts\examples\str_comp_func\noise.py,4,1,0,75.0,10,44,None,2025-07-14T18:57:11.781014
scripts\examples\str_comp_func\not_eq.py,4,0,0,100.0,10,44,None,2025-07-14T18:57:11.781014
scripts\examples\str_comp_func\not_neq.py,4,0,0,100.0,10,44,None,2025-07-14T18:57:11.781014
scripts\examples\str_comp_func\three_param.py,6,3,0,50.0,10,44,None,2025-07-14T18:57:11.781014
scripts\examples\str_comp_func\three_param_concat.py,6,3,0,50.0,10,44,None,2025-07-14T18:57:11.781014
scripts\examples\str_comp_func\two_eq_param1.py,4,0,0,100.0,10,44,None,2025-07-14T18:57:11.781014
scripts\examples\str_comp_func\two_eq_param2.py,4,0,0,100.0,10,44,None,2025-07-14T18:57:11.781014
scripts\examples\str_comp_func\two_ifs.py,6,0,0,100.0,10,44,None,2025-07-14T18:57:11.781014
scripts\examples\str_comp_func\two_param.py,6,0,0,100.0,10,44,None,2025-07-14T18:57:11.781014
scripts\examples\str_comp_func\two_param_concat.py,4,1,0,75.0,10,44,None,2025-07-14T18:57:11.781014
scripts\examples\str_comp_func\contradiction.py,4,1,0,75.0,10,45,None,2025-07-14T18:59:40.638020
scripts\examples\str_comp_func\contradiction_nested.py,5,1,0,80.0,10,45,None,2025-07-14T18:59:40.638020
scripts\examples\str_comp_func\contradiction_not.py,4,1,0,75.0,10,45,None,2025-07-14T18:59:40.638020
scripts\examples\str_comp_func\contradiction_tautology.py,4,1,0,75.0,10,45,None,2025-07-14T18:59:40.638020
scripts\examples\str_comp_func\eq.py,4,0,0,100.0,10,45,None,2025-07-14T18:59:40.638020
scripts\examples\str_comp_func\eq_no_spaces.py,4,0,0,100.0,10,45,None,2025-07-14T18:59:40.638020
scripts\examples\str_comp_func\eq_or.py,4,0,0,100.0,10,45,None,2025-07-14T18:59:40.638020
scripts\examples\str_comp_func\eq_rev.py,4,0,0,100.0,10,45,None,2025-07-14T18:59:40.638020
scripts\examples\str_comp_func\eq_spaces.py,4,0,0,100.0,10,45,None,2025-07-14T18:59:40.638020
scripts\examples\str_comp_func\neq.py,4,0,0,100.0,10,45,None,2025-07-14T18:59:40.638020
scripts\examples\str_comp_func\neq_rev.py,4,0,0,100.0,10,45,None,2025-07-14T18:59:40.638020
scripts\examples\str_comp_func\noise.py,4,0,0,100.0,10,45,None,2025-07-14T18:59:40.638020
scripts\examples\str_comp_func\not_eq.py,4,0,0,100.0,10,45,None,2025-07-14T18:59:40.638020
scripts\examples\str_comp_func\not_neq.py,4,0,0,100.0,10,45,None,2025-07-14T18:59:40.638020
scripts\examples\str_comp_func\three_param.py,6,3,0,50.0,10,45,None,2025-07-14T18:59:40.638020
scripts\examples\str_comp_func\three_param_concat.py,6,3,0,50.0,10,45,None,2025-07-14T18:59:40.638020
scripts\examples\str_comp_func\two_eq_param1.py,4,0,0,100.0,10,45,None,2025-07-14T18:59:40.638020
scripts\examples\str_comp_func\two_eq_param2.py,4,0,0,100.0,10,45,None,2025-07-14T18:59:40.638020
scripts\examples\str_comp_func\two_ifs.py,6,1,0,83.33333333333333,10,45,None,2025-07-14T18:59:40.638020
scripts\examples\str_comp_func\two_param.py,6,0,0,100.0,10,45,None,2025-07-14T18:59:40.638020
scripts\examples\str_comp_func\two_param_concat.py,4,0,0,100.0,10,45,None,2025-07-14T18:59:40.638020
scripts\examples\str_comp_func\contradiction.py,4,1,0,75.0,10,46,None,2025-07-14T19:02:14.988035
scripts\examples\str_comp_func\contradiction_nested.py,5,1,0,80.0,10,46,None,2025-07-14T19:02:14.988035
scripts\examples\str_comp_func\contradiction_not.py,4,1,0,75.0,10,46,None,2025-07-14T19:02:14.988035
scripts\examples\str_comp_func\contradiction_tautology.py,4,1,0,75.0,10,46,None,2025-07-14T19:02:14.988035
scripts\examples\str_comp_func\eq.py,4,0,0,100.0,10,46,None,2025-07-14T19:02:14.988035
scripts\examples\str_comp_func\eq_no_spaces.py,4,0,0,100.0,10,46,None,2025-07-14T19:02:14.988035
scripts\examples\str_comp_func\eq_or.py,4,0,0,100.0,10,46,None,2025-07-14T19:02:14.988035
scripts\examples\str_comp_func\eq_rev.py,4,0,0,100.0,10,46,None,2025-07-14T19:02:14.988035
scripts\examples\str_comp_func\eq_spaces.py,4,0,0,100.0,10,46,None,2025-07-14T19:02:14.988035
scripts\examples\str_comp_func\neq.py,4,0,0,100.0,10,46,None,2025-07-14T19:02:14.988035
scripts\examples\str_comp_func\neq_rev.py,4,0,0,100.0,10,46,None,2025-07-14T19:02:14.988035
scripts\examples\str_comp_func\noise.py,4,1,0,75.0,10,46,None,2025-07-14T19:02:14.988035
scripts\examples\str_comp_func\not_eq.py,4,0,0,100.0,10,46,None,2025-07-14T19:02:14.988035
scripts\examples\str_comp_func\not_neq.py,4,0,0,100.0,10,46,None,2025-07-14T19:02:14.988035
scripts\examples\str_comp_func\three_param.py,6,2,0,66.66666666666667,10,46,None,2025-07-14T19:02:14.988035
scripts\examples\str_comp_func\three_param_concat.py,6,2,0,66.66666666666667,10,46,None,2025-07-14T19:02:14.988035
scripts\examples\str_comp_func\two_eq_param1.py,4,0,0,100.0,10,46,None,2025-07-14T19:02:14.988035
scripts\examples\str_comp_func\two_eq_param2.py,4,0,0,100.0,10,46,None,2025-07-14T19:02:14.988035
scripts\examples\str_comp_func\two_ifs.py,6,0,0,100.0,10,46,None,2025-07-14T19:02:14.988035
scripts\examples\str_comp_func\two_param.py,6,2,0,66.66666666666667,10,46,None,2025-07-14T19:02:14.988035
scripts\examples\str_comp_func\two_param_concat.py,4,1,0,75.0,10,46,None,2025-07-14T19:02:14.988035
scripts\examples\str_comp_func\contradiction.py,4,1,0,75.0,10,42,tree_traverse,2025-07-14T18:40:19.159186
scripts\examples\str_comp_func\contradiction_nested.py,5,1,0,80.0,10,42,tree_traverse,2025-07-14T18:40:19.159186
scripts\examples\str_comp_func\contradiction_not.py,4,1,0,75.0,10,42,tree_traverse,2025-07-14T18:40:19.159186
scripts\examples\str_comp_func\contradiction_tautology.py,4,1,0,75.0,10,42,tree_traverse,2025-07-14T18:40:19.159186
scripts\examples\str_comp_func\eq.py,4,0,0,100.0,10,42,tree_traverse,2025-07-14T18:40:19.159186
scripts\examples\str_comp_func\eq_no_spaces.py,4,0,0,100.0,10,42,tree_traverse,2025-07-14T18:40:19.159186
scripts\examples\str_comp_func\eq_or.py,4,0,0,100.0,10,42,tree_traverse,2025-07-14T18:40:19.159186
scripts\examples\str_comp_func\eq_rev.py,4,0,0,100.0,10,42,tree_traverse,2025-07-14T18:40:19.159186
scripts\examples\str_comp_func\eq_spaces.py,4,0,0,100.0,10,42,tree_traverse,2025-07-14T18:40:19.159186
scripts\examples\str_comp_func\neq.py,4,0,0,100.0,10,42,tree_traverse,2025-07-14T18:40:19.159186
scripts\examples\str_comp_func\neq_rev.py,4,0,0,100.0,10,42,tree_traverse,2025-07-14T18:40:19.159186
scripts\examples\str_comp_func\noise.py,4,1,0,75.0,10,42,tree_traverse,2025-07-14T18:40:19.159186
scripts\examples\str_comp_func\not_eq.py,4,0,0,100.0,10,42,tree_traverse,2025-07-14T18:40:19.159186
scripts\examples\str_comp_func\not_neq.py,4,0,0,100.0,10,42,tree_traverse,2025-07-14T18:40:19.159186
scripts\examples\str_comp_func\three_param.py,6,2,0,66.66666666666667,10,42,tree_traverse,2025-07-14T18:40:19.159186
scripts\examples\str_comp_func\three_param_concat.py,6,2,0,66.66666666666667,10,42,tree_traverse,2025-07-14T18:40:19.159186
scripts\examples\str_comp_func\two_eq_param1.py,4,0,0,100.0,10,42,tree_traverse,2025-07-14T18:40:19.159186
scripts\examples\str_comp_func\two_eq_param2.py,4,0,0,100.0,10,42,tree_traverse,2025-07-14T18:40:19.159186
scripts\examples\str_comp_func\two_ifs.py,6,1,0,83.33333333333333,10,42,tree_traverse,2025-07-14T18:40:19.159186
scripts\examples\str_comp_func\two_param.py,6,2,0,66.66666666666667,10,42,tree_traverse,2025-07-14T18:40:19.159186
scripts\examples\str_comp_func\two_param_concat.py,4,1,0,75.0,10,42,tree_traverse,2025-07-14T18:40:19.159186
scripts\examples\str_comp_func\contradiction.py,4,1,0,75.0,10,43,tree_traverse,2025-07-14T18:42:39.072615
scripts\examples\str_comp_func\contradiction_nested.py,5,1,0,80.0,10,43,tree_traverse,2025-07-14T18:42:39.072615
scripts\examples\str_comp_func\contradiction_not.py,4,1,0,75.0,10,43,tree_traverse,2025-07-14T18:42:39.072615
scripts\examples\str_comp_func\contradiction_tautology.py,4,1,0,75.0,10,43,tree_traverse,2025-07-14T18:42:39.072615
scripts\examples\str_comp_func\eq.py,4,0,0,100.0,10,43,tree_traverse,2025-07-14T18:42:39.072615
scripts\examples\str_comp_func\eq_no_spaces.py,4,0,0,100.0,10,43,tree_traverse,2025-07-14T18:42:39.072615
scripts\examples\str_comp_func\eq_or.py,4,0,0,100.0,10,43,tree_traverse,2025-07-14T18:42:39.072615
scripts\examples\str_comp_func\eq_rev.py,4,0,0,100.0,10,43,tree_traverse,2025-07-14T18:42:39.072615
scripts\examples\str_comp_func\eq_spaces.py,4,0,0,100.0,10,43,tree_traverse,2025-07-14T18:42:39.072615
scripts\examples\str_comp_func\neq.py,4,0,0,100.0,10,43,tree_traverse,2025-07-14T18:42:39.072615
scripts\examples\str_comp_func\neq_rev.py,4,0,0,100.0,10,43,tree_traverse,2025-07-14T18:42:39.072615
scripts\examples\str_comp_func\noise.py,4,1,0,75.0,10,43,tree_traverse,2025-07-14T18:42:39.072615
scripts\examples\str_comp_func\not_eq.py,4,0,0,100.0,10,43,tree_traverse,2025-07-14T18:42:39.072615
scripts\examples\str_comp_func\not_neq.py,4,0,0,100.0,10,43,tree_traverse,2025-07-14T18:42:39.072615
scripts\examples\str_comp_func\three_param.py,6,2,0,66.66666666666667,10,43,tree_traverse,2025-07-14T18:42:39.072615
scripts\examples\str_comp_func\three_param_concat.py,6,2,0,66.66666666666667,10,43,tree_traverse,2025-07-14T18:42:39.072615
scripts\examples\str_comp_func\two_eq_param1.py,4,0,0,100.0,10,43,tree_traverse,2025-07-14T18:42:39.072615
scripts\examples\str_comp_func\two_eq_param2.py,4,0,0,100.0,10,43,tree_traverse,2025-07-14T18:42:39.072615
scripts\examples\str_comp_func\two_ifs.py,6,1,0,83.33333333333333,10,43,tree_traverse,2025-07-14T18:42:39.072615
scripts\examples\str_comp_func\two_param.py,6,0,0,100.0,10,43,tree_traverse,2025-07-14T18:42:39.072615
scripts\examples\str_comp_func\two_param_concat.py,4,1,0,75.0,10,43,tree_traverse,2025-07-14T18:42:39.072615
scripts\examples\str_comp_func\contradiction.py,4,1,0,75.0,10,44,tree_traverse,2025-07-14T18:44:51.037072
scripts\examples\str_comp_func\contradiction_nested.py,5,1,0,80.0,10,44,tree_traverse,2025-07-14T18:44:51.037072
scripts\examples\str_comp_func\contradiction_not.py,4,1,0,75.0,10,44,tree_traverse,2025-07-14T18:44:51.037072
scripts\examples\str_comp_func\contradiction_tautology.py,4,1,0,75.0,10,44,tree_traverse,2025-07-14T18:44:51.037072
scripts\examples\str_comp_func\eq.py,4,0,0,100.0,10,44,tree_traverse,2025-07-14T18:44:51.037072
scripts\examples\str_comp_func\eq_no_spaces.py,4,0,0,100.0,10,44,tree_traverse,2025-07-14T18:44:51.037072
scripts\examples\str_comp_func\eq_or.py,4,0,0,100.0,10,44,tree_traverse,2025-07-14T18:44:51.037072
scripts\examples\str_comp_func\eq_rev.py,4,0,0,100.0,10,44,tree_traverse,2025-07-14T18:44:51.037072
scripts\examples\str_comp_func\eq_spaces.py,4,0,0,100.0,10,44,tree_traverse,2025-07-14T18:44:51.037072
scripts\examples\str_comp_func\neq.py,4,0,0,100.0,10,44,tree_traverse,2025-07-14T18:44:51.037072
scripts\examples\str_comp_func\neq_rev.py,4,0,0,100.0,10,44,tree_traverse,2025-07-14T18:44:51.037072
scripts\examples\str_comp_func\noise.py,4,1,0,75.0,10,44,tree_traverse,2025-07-14T18:44:51.037072
scripts\examples\str_comp_func\not_eq.py,4,0,0,100.0,10,44,tree_traverse,2025-07-14T18:44:51.037072
scripts\examples\str_comp_func\not_neq.py,4,0,0,100.0,10,44,tree_traverse,2025-07-14T18:44:51.037072
scripts\examples\str_comp_func\three_param.py,6,3,0,50.0,10,44,tree_traverse,2025-07-14T18:44:51.037072
scripts\examples\str_comp_func\three_param_concat.py,6,3,0,50.0,10,44,tree_traverse,2025-07-14T18:44:51.037072
scripts\examples\str_comp_func\two_eq_param1.py,4,0,0,100.0,10,44,tree_traverse,2025-07-14T18:44:51.037072
scripts\examples\str_comp_func\two_eq_param2.py,4,0,0,100.0,10,44,tree_traverse,2025-07-14T18:44:51.037072
scripts\examples\str_comp_func\two_ifs.py,6,1,0,83.33333333333333,10,44,tree_traverse,2025-07-14T18:44:51.037072
scripts\examples\str_comp_func\two_param.py,6,0,0,100.0,10,44,tree_traverse,2025-07-14T18:44:51.037072
scripts\examples\str_comp_func\two_param_concat.py,4,1,0,75.0,10,44,tree_traverse,2025-07-14T18:44:51.037072
scripts\examples\str_comp_func\contradiction.py,4,1,0,75.0,10,45,tree_traverse,2025-07-14T18:47:08.697863
scripts\examples\str_comp_func\contradiction_nested.py,5,1,0,80.0,10,45,tree_traverse,2025-07-14T18:47:08.697863
scripts\examples\str_comp_func\contradiction_not.py,4,1,0,75.0,10,45,tree_traverse,2025-07-14T18:47:08.697863
scripts\examples\str_comp_func\contradiction_tautology.py,4,1,0,75.0,10,45,tree_traverse,2025-07-14T18:47:08.697863
scripts\examples\str_comp_func\eq.py,4,0,0,100.0,10,45,tree_traverse,2025-07-14T18:47:08.697863
scripts\examples\str_comp_func\eq_no_spaces.py,4,0,0,100.0,10,45,tree_traverse,2025-07-14T18:47:08.697863
scripts\examples\str_comp_func\eq_or.py,4,0,0,100.0,10,45,tree_traverse,2025-07-14T18:47:08.697863
scripts\examples\str_comp_func\eq_rev.py,4,0,0,100.0,10,45,tree_traverse,2025-07-14T18:47:08.697863
scripts\examples\str_comp_func\eq_spaces.py,4,0,0,100.0,10,45,tree_traverse,2025-07-14T18:47:08.697863
scripts\examples\str_comp_func\neq.py,4,0,0,100.0,10,45,tree_traverse,2025-07-14T18:47:08.697863
scripts\examples\str_comp_func\neq_rev.py,4,0,0,100.0,10,45,tree_traverse,2025-07-14T18:47:08.697863
scripts\examples\str_comp_func\noise.py,4,0,0,100.0,10,45,tree_traverse,2025-07-14T18:47:08.697863
scripts\examples\str_comp_func\not_eq.py,4,0,0,100.0,10,45,tree_traverse,2025-07-14T18:47:08.697863
scripts\examples\str_comp_func\not_neq.py,4,0,0,100.0,10,45,tree_traverse,2025-07-14T18:47:08.697863
scripts\examples\str_comp_func\three_param.py,6,3,0,50.0,10,45,tree_traverse,2025-07-14T18:47:08.697863
scripts\examples\str_comp_func\three_param_concat.py,6,3,0,50.0,10,45,tree_traverse,2025-07-14T18:47:08.697863
scripts\examples\str_comp_func\two_eq_param1.py,4,0,0,100.0,10,45,tree_traverse,2025-07-14T18:47:08.697863
scripts\examples\str_comp_func\two_eq_param2.py,4,0,0,100.0,10,45,tree_traverse,2025-07-14T18:47:08.697863
scripts\examples\str_comp_func\two_ifs.py,6,1,0,83.33333333333333,10,45,tree_traverse,2025-07-14T18:47:08.697863
scripts\examples\str_comp_func\two_param.py,6,0,0,100.0,10,45,tree_traverse,2025-07-14T18:47:08.697863
scripts\examples\str_comp_func\two_param_concat.py,4,0,0,100.0,10,45,tree_traverse,2025-07-14T18:47:08.697863
scripts\examples\str_comp_func\contradiction.py,4,1,0,75.0,10,46,tree_traverse,2025-07-14T18:49:41.952939
scripts\examples\str_comp_func\contradiction_nested.py,5,1,0,80.0,10,46,tree_traverse,2025-07-14T18:49:41.952939
scripts\examples\str_comp_func\contradiction_not.py,4,1,0,75.0,10,46,tree_traverse,2025-07-14T18:49:41.952939
scripts\examples\str_comp_func\contradiction_tautology.py,4,1,0,75.0,10,46,tree_traverse,2025-07-14T18:49:41.952939
scripts\examples\str_comp_func\eq.py,4,0,0,100.0,10,46,tree_traverse,2025-07-14T18:49:41.952939
scripts\examples\str_comp_func\eq_no_spaces.py,4,0,0,100.0,10,46,tree_traverse,2025-07-14T18:49:41.952939
scripts\examples\str_comp_func\eq_or.py,4,0,0,100.0,10,46,tree_traverse,2025-07-14T18:49:41.952939
scripts\examples\str_comp_func\eq_rev.py,4,0,0,100.0,10,46,tree_traverse,2025-07-14T18:49:41.952939
scripts\examples\str_comp_func\eq_spaces.py,4,0,0,100.0,10,46,tree_traverse,2025-07-14T18:49:41.952939
scripts\examples\str_comp_func\neq.py,4,0,0,100.0,10,46,tree_traverse,2025-07-14T18:49:41.952939
scripts\examples\str_comp_func\neq_rev.py,4,0,0,100.0,10,46,tree_traverse,2025-07-14T18:49:41.952939
scripts\examples\str_comp_func\noise.py,4,1,0,75.0,10,46,tree_traverse,2025-07-14T18:49:41.952939
scripts\examples\str_comp_func\not_eq.py,4,0,0,100.0,10,46,tree_traverse,2025-07-14T18:49:41.952939
scripts\examples\str_comp_func\not_neq.py,4,0,0,100.0,10,46,tree_traverse,2025-07-14T18:49:41.952939
scripts\examples\str_comp_func\three_param.py,6,2,0,66.66666666666667,10,46,tree_traverse,2025-07-14T18:49:41.952939
scripts\examples\str_comp_func\three_param_concat.py,6,2,0,66.66666666666667,10,46,tree_traverse,2025-07-14T18:49:41.952939
scripts\examples\str_comp_func\two_eq_param1.py,4,0,0,100.0,10,46,tree_traverse,2025-07-14T18:49:41.952939
scripts\examples\str_comp_func\two_eq_param2.py,4,0,0,100.0,10,46,tree_traverse,2025-07-14T18:49:41.952939
scripts\examples\str_comp_func\two_ifs.py,6,0,0,100.0,10,46,tree_traverse,2025-07-14T18:49:41.952939
scripts\examples\str_comp_func\two_param.py,6,2,0,66.66666666666667,10,46,tree_traverse,2025-07-14T18:49:41.952939
scripts\examples\str_comp_func\two_param_concat.py,4,1,0,75.0,10,46,tree_traverse,2025-07-14T18:49:41.952939
